订单号,下单时间,订单总价,订单状态,商品名称
78456568408846,2024-10-30 11:48:46,3.58,交易成功,伸缩教鞭指读儿童阅读看书手指幼儿园早教指引认读家用
JT5319104789328,2024-10-27 18:22:46,36.98,交易成功,儿童百变魔尺24段36/48/60/72/96/144段大号魔方条幼儿园益智玩具
YT8709472416694,2024-10-16 20:55:21,6.41,交易成功,儿童弓箭安全软胶套装射击吸盘玩具室内男孩射箭新款
777252186949331,2024-10-14 20:27:28,12.08,交易成功,百变魔尺24段36/48/60/72/96节大号儿童幼儿园折叠魔方条益智玩具
78452169779886,2024-10-11 10:52:38,9.9,已发货，退款成功,儿童节送班级礼品发光悠悠球幼儿园学生奖品小礼物闪光溜溜yoyo球
463869580954394,2024-10-06 20:18:31,1.9,交易成功,伸缩教鞭指读儿童阅读看书手指幼儿园早教指引认读家用
78450987229230,2024-10-06 07:37:19,13.5,交易成功,字母积木Alphablocks配套教具闪卡26英文字母卡片自然拼读Phonics
78450941454473,2024-10-06 07:36:21,15.5,交易成功,数字积木卡片英文学识数学0-20启蒙动画片教具趣味桌游玩具幼儿园
78450992556860,2024-10-06 07:35:16,6.1,交易成功,幼儿园数字卡片1到100小中大班3-6岁硬卡教具开发智力认数启蒙
78450987261143,2024-10-05 21:25:15,28,交易成功,小学26个英文字母认知卡片英语字母大小写塑封防水幼儿启蒙教具
638163278833,2024-09-25 20:57:30,￥6.57,交易成功,伸缩教鞭指读儿童阅读看书手指幼儿园早教老师指引认读家用教棒
609866998200,2024-07-24 10:25:01,￥31.74,交易成功,潜水玩具儿童游泳水下训练潜泳钻圈水育早教穿越环圈鲨鱼雷海草棒
494414727025,2024-07-04 14:57:50,￥11.61,交易成功,多关节可动人偶3D打印有支架的超可动玩偶全身可动机械风玩具解压
494414727025,2024-07-04 14:57:50,￥11.61,交易成功,多关节可动人偶3D打印有支架的超可动玩偶全身可动机械风玩具解压
473626063238,2024-07-04 14:33:58,￥16.9,交易成功,儿童潜水环训练玩具水下闭气鱼雷早教亲子幼儿游泳馆憋气水草教具
120924827024,2024-07-04 07:42:41,￥16.84,交易成功,狗绳狗链子狗狗牵引绳遛狗绳新款狗绳背心式狗子大中泰迪牵引绳
124445403745,2024-06-29 18:13:45,￥6.94,交易成功,星星奖励磁贴儿童黑板磁性贴小红花表扬笑脸冰箱贴白板大拇指磁铁
538981568312,2024-06-29 18:10:55,￥8.9,已发货，退款成功,儿童奖励磁贴磁力贴卡通表扬磁性贴画小红花星星笑脸大拇指磁性贴
326805333701,2024-06-26 10:19:18,￥13.66,交易成功,奖励币儿童奖励表家用幼儿园小学生孩子你真棒棒棒哒奖励卡定制
419027716387,2024-06-04 10:47:20,￥28.61,交易成功,医用笔式手电筒医护耳鼻喉科瞳孔笔灯幼儿园晨检口腔灯护眼手电
560516978090,2024-06-04 10:44:57,￥42.97,交易成功,免打孔卫生间浴室化妆镜放大镜伸缩酒店折叠化妆镜挂墙双面美容镜
614962095896,2024-06-04 10:41:35,￥10.63,交易成功,牙齿模型幼儿园早教刷牙模具标准两倍假牙科儿童宝宝口腔教学道具
484190180955,2024-04-26 19:28:28,￥3.29,交易成功,通用型球针篮球足球排球打气筒打气针头跳跳马加气针瑜伽球充气嘴
227695107473,2024-03-04 14:32:24,￥7.79,交易成功,包邮儿童早教益智文具磁性字母数字磁力贴英文字母全套塑料冰箱贴
2625102921,2024-02-29 22:36:59,￥13.79,交易成功,含羞草小盆栽植物室内阳台电脑桌迷你害羞草绿植幼儿园桌上盆栽花
120924827024,2024-02-11 20:36:23,￥16.84,交易成功,狗绳狗链子狗狗牵引绳遛狗绳新款狗绳背心式狗子大中泰迪牵引绳
429668051198,2023-12-20 10:00:52,￥8.99,交易成功,蒙氏早教小班生活区刷牙练习教具牙齿模型演示幼儿园小班区域材料
5230623242,2023-12-17 11:08:08,￥39,交易成功,欧乐多计时器厨房提醒器家用学生时间闹钟管理器大声音秒表定时器
485237317762,2023-11-30 09:39:12,￥17.8,交易成功,2023年医学出生证明保护套兔宝宝疫苗本儿童预防针本套婴儿接种证
468062423842,2023-11-11 14:17:13,￥375,交易成功,源头工厂批发儿童学习桌架子学习桌配件五金可升降学习桌钢架支架
537962417610,2023-11-05 12:23:27,￥16,交易成功,<首单直降>金蛋包邮砸金蛋批发 活动庆典 婚庆节庆用品 抽奖道具
416253452933,2023-11-03 20:12:38,￥5.15,交易成功,床板支撑架床底承重支架支撑器床支架支撑柱床架支撑脚横梁支撑杆
429915392719,2023-10-10 19:19:12,￥0,已发货，退款成功,2022年中国酱油行业海天千禾味研究分析报告产业市场发展前景趋势
174546002941,2023-10-10 18:54:43,￥12.11,交易成功,时间沙漏5一60分钟防摔创意儿童男女生生日礼品潮流计时摆件饰品
458173281791,2023-10-07 11:41:18,￥31,交易成功,【牛津树正版】牛津树人物大版牛津树人偶 牛津树公仔情境法道具
530882672638,2023-10-04 11:23:42,￥40.4,交易成功,硅藻泥吸水垫子卫生间浴室地垫防滑入户门垫进门门口地毯厕所脚垫
318262892442,2023-09-12 13:29:57,￥8.99,交易成功,临时停车电话号码牌汽车移车挪车牌停车电话号码牌耐高温车载摆件
484190180955,2023-09-06 10:16:19,￥3.29,交易成功,通用型球针篮球足球排球打气筒打气针头跳跳马加气针瑜伽球充气嘴
256653461439,2023-08-24 10:15:42,￥0,已发货，退款成功,鸿越浮板大人漂浮板儿童初学者游泳板背漂浮漂学游泳装备辅助神器
473626063238,2023-08-14 11:37:19,￥14.9,交易成功,儿童潜水环训练玩具水下闭气鱼雷早教亲子互动游泳馆憋气水草教具
8439980271,2023-08-01 10:37:52,￥7.42,交易成功,钥匙圈环钥匙扣配件加厚挂件碳钢钥匙圈环大小圈男汽车钥匙扣圈环
29139469923,2023-07-06 07:55:01,￥4.41,交易成功,浮板加厚加强打水板学游泳浮板背漂腰漂儿童成人男女通用助学板
223501309347,2023-07-06 07:53:34,￥6.89,交易成功,儿童游泳圈神器水袖浮袖宝宝游泳手臂圈成人加厚双层气囊学习游泳
483649931969,2023-05-27 14:12:43,￥33.8,交易成功,浴室卫生间地垫吸水垫家用入户厨房耐脏脚垫子硅藻泥防滑免洗门垫
42432974553,2023-05-27 14:11:30,￥16.95,交易成功,大孔浴室防滑垫卫生间拼接垫洗手间厕所隔水脚垫地淋浴房洗澡垫子
120924827024,2023-03-24 20:19:29,￥13.73,交易成功,狗绳狗链子狗狗牵引绳遛狗绳新款狗绳背心式狗子泰迪大中小幼犬
427163257087,2022-11-05 09:00:49,￥48,交易成功,四季通用电瓶电动车头盔冬季保暖男女士款半盔防雾全盔骑行安全帽
376324591356,2022-09-21 09:51:42,￥9.9,交易成功,临时停车电话号码牌汽车移车停车牌挪车号码牌汽车用品车内摆件
356025559382,2022-08-31 11:29:36,￥16.9,交易成功,南极人USB小风扇小型学生宿舍充电大风力便携式办公室超静音夹扇
326178296812,2022-08-14 12:24:29,￥59,交易成功,微型迷你蓝牙音响老人携带式mp3音乐播放器跟屁虫挂脖插卡小音箱
42432974553,2022-08-08 19:25:40,￥16.95,交易成功,大孔浴室防滑垫卫生间拼接垫洗手间厕所隔水脚垫地淋浴房洗澡垫子
120924827024,2022-07-31 22:20:16,￥14.35,交易成功,狗绳狗链子牵引绳遛狗绳胸背带猫项圈泰迪金毛大中小型犬宠物用品
120924827024,2022-07-11 07:25:35,￥14.35,交易成功,狗绳狗链子牵引绳遛狗绳胸背带猫项圈泰迪金毛大中小型犬宠物用品
333993167422,2022-07-09 10:36:51,￥15.5,交易成功,行车记录仪专用内存卡32G汽车TF小卡高速FAT32格式车载存储卡16G
83350377784,2022-05-17 20:42:22,￥87.93,交易成功,儿童磨耳朵英语经典听读机小学生朗读幼儿歌播放器故事学习早教机
257438157686,2022-05-17 20:28:31,￥89.9,已发货，退款成功,早教音乐播放器幼儿童唱歌听儿歌讲故事机智能小型便携式宝宝婴儿
307945478860,2022-05-07 19:01:07,￥113,交易成功,正版 威廉海尼曼分级阅读绘本全套 GK亲子时光版G1 G2易趣点读笔
129101724020,2022-02-25 14:12:29,￥3.58,交易成功,民法典2021年版正版最新版中华人民共和国民法典法制出版法律常识
23732474681,2022-01-30 20:57:35,￥29.8,交易成功,过胶膜霞光A4塑封膜7C8C10C/丝相片膜过塑膜护卡膜热封膜100张/纸
253105345296,2021-09-26 09:24:16,￥7.99,交易已取消,胶装英文原版My Very First Book of colors 我的第一本彩色书
267429751859,2021-09-26 09:17:33,￥9.9,交易成功,胶装英文原版I am a Bunny我是一只兔子儿童英语绘本启蒙图画书
272155352980,2021-09-26 09:15:12,￥9.8,交易成功,英文原版绘本 A Book of Sleep 宝宝睡眠书 幼儿英语启蒙睡前读物
5776878525,2021-09-24 09:33:07,￥6.8,交易成功,学前幼儿园识数字卡片0到100 认数卡带符号加减法小中大班学写数
252126014873,2021-09-18 13:09:17,￥8.59,已发货，退款成功,家庭万用情景口语便利贴彩色160句(大字彩图版)
261259044600,2021-09-17 10:31:27,￥15.8,交易成功,2021中国地图3D立体地图中小学生地理政区地形图模型凹凸世界地图
113969659378,2021-09-16 15:52:17,￥13.2,交易成功,唐诗三百首全集幼儿书籍早教启蒙绘本注音版儿童古诗300首小学生
113969659378,2021-09-16 15:50:25,￥13.2,交易已取消,唐诗三百首全集幼儿书籍早教启蒙绘本注音版儿童古诗300首小学生
235626840327,2021-09-13 20:21:11,￥43.5,交易已取消,到处是婴儿 纸板书 Everywhere Babies 英文原版 苏珊迈尔斯 Susa
147072458093,2021-09-11 09:54:57,￥6.9,交易成功,跟着诗词去旅行 图说天下 寻梦之旅 当当
153046839163,2021-09-10 14:18:43,￥37.5,交易成功,英文原版绘本爱的晚安故事I Will Love You Forever我会永远爱你
235626840327,2021-09-10 14:07:21,￥43.5,交易成功,到处是婴儿 纸板书 Everywhere Babies 英文原版 苏珊迈尔斯 Susa
208182059365,2021-09-10 13:22:01,￥24.9,交易成功,英文原版 First 100 Words 一百个单词 纸板书 儿童英语 启蒙绘本
254703137240,2021-09-10 13:17:16,￥16.8,交易成功,正版 where is baby&#39;s belly button  宝宝的肚脐眼在哪 幼儿
8385915892,2021-09-08 13:32:57,￥6.9,交易成功,最强大脑记忆法力提高孩子学生记忆里的书逻辑思维训练正版书籍
222055097107,2021-09-08 13:29:41,￥19.88,已发货，退款成功,2册世界地理全知道+不可不知的历史常识大全集自然风光地理百科
249142081606,2021-09-08 13:20:57,￥19.84,交易成功,趣说中国史正版 趣哥爆笑历史书 422位中国皇帝全传中国史全套
270111811333,2021-09-08 13:18:17,￥7.5,交易成功,抖音同款】一分钟了解中国历史画卷漫画版历史思维导读大事记绘本
96665729331,2021-09-08 13:08:26,￥9.3,交易成功,收藏扑克牌中国名人益智学习历史人物寓教于乐儿童早教育娱乐纸牌
8781791456,2021-09-08 13:07:30,￥12.2,交易成功,收藏扑克水浒传人物108将|简介梁山好汉学习益智启蒙寓教于乐纸牌
84667298529,2020-12-28 10:04:09,￥1,交易成功,心相印茶语丝享抽纸批发家用卫生纸巾餐巾纸婴儿面巾纸家庭实惠装